safety,SAR
low,0.7016806722689075
medium,0.5063291139240507
high,0.18895966029723993